analysis_day,n_observations,detected,elapsed_seconds,theta1_median,theta2_median,theta_diff_median,tau_median,tau_map,tau_q025,tau_q975,p_positive_effect,p_tau_near_truth,accepted_rate,rep,seed,true_theta1,true_theta2,true_t_star
20,10,false,,0.16812127591254647,0.14148603670495913,-0.04306929176152899,8,1,1.0,19.0,0.4172164624568018,0.0,0.3054,1,2026,0.15,0.25,30
30,15,false,,0.1711623782996065,0.1339926410423421,-0.05062028337177316,9,3,1.0,27.0,0.373862947240752,0.0585203153426319,0.2794,1,2026,0.15,0.25,30
40,20,false,,0.16784194447649992,0.16400098983017622,0.020561664838316715,9,5,1.0,38.0,0.5305237062286954,0.08304927176944531,0.249,1,2026,0.15,0.25,30
50,25,true,,0.15968126186131415,0.35781158667768065,0.2055974840472448,37,42,5.0,48.0,0.919026047565119,0.11636466591166478,0.2412,1,2026,0.15,0.25,30
20,10,false,,0.18646464417683303,0.10547462792150022,-0.10029549255385704,6,1,1.0,17.0,0.2511584800741427,0.0,0.2976,2,2027,0.15,0.25,30
30,15,true,,0.13978792586179878,0.29932241280258964,0.19626496176595118,19,26,1.0,29.0,0.747507237053715,0.19716950788034737,0.2762,2,2027,0.15,0.25,30
20,10,false,,0.18598762578378442,0.15008981987746497,-0.046819934922404466,9,3,1.0,18.0,0.38500296384113813,0.0,0.3166,3,2028,0.15,0.25,30
30,15,false,,0.2244259113864446,0.13988564619526017,-0.10924936014747946,7,2,1.0,25.0,0.23100211928549802,0.016954283984256736,0.259,3,2028,0.15,0.25,30
40,20,false,,0.18241880862051765,0.18360790196472815,0.020294579860050593,18,1,1.0,39.0,0.5139906728847435,0.07495003331112592,0.1832,3,2028,0.15,0.25,30
50,25,true,,0.16893790428613706,0.40399371496378905,0.23672545003408196,38,43,9.0,48.0,0.9634894091415831,0.15858416945373466,0.2252,3,2028,0.15,0.25,30
20,10,true,,0.15247609577140991,0.272857215885178,0.15249683853193371,13,15,1.0,19.0,0.7199879044451164,0.0,0.3144,4,2029,0.15,0.25,30
20,10,true,,0.11801070614845471,0.33775312812328145,0.23417711482248327,14,15,4.0,19.0,0.8565323565323565,0.0,0.3222,5,2030,0.15,0.25,30
20,10,false,,0.18238978418476634,0.16619478054919157,-0.014214386359932524,8,4,1.0,18.0,0.44934172867773325,0.0,0.3338,6,2031,0.15,0.25,30
30,15,false,,0.18902865312398526,0.1418253225360689,-0.06738969965612801,7,3,1.0,27.0,0.3547297297297297,0.05067567567567568,0.279,6,2031,0.15,0.25,30
40,20,false,,0.17069707849811966,0.18420001178297227,0.04392327895966219,15,34,1.0,38.0,0.5933874709976799,0.146461716937355,0.206,6,2031,0.15,0.25,30
50,25,true,,0.16989617136491816,0.2521466549923166,0.10797674912344221,31,39,2.0,48.0,0.7963749645992637,0.11866326819597847,0.2372,6,2031,0.15,0.25,30
20,10,false,,0.21625504022819442,0.1826189049547236,-0.04558874316228215,7,3,1.0,19.0,0.45051608986035213,0.0,0.3048,7,2032,0.15,0.25,30
30,15,false,,0.2253312773007736,0.16843743836133163,-0.0938076347601563,10,2,1.0,28.0,0.3364215402431963,0.07122177185871453,0.2752,7,2032,0.15,0.25,30
40,20,true,,0.18366651893067545,0.2470172867812447,0.10429333917861588,33,35,2.0,39.0,0.7300793884151721,0.21434872096442223,0.2302,7,2032,0.15,0.25,30
20,10,false,,0.16662685547255277,0.27888787992610714,0.14168960346091006,12,16,1.0,19.0,0.6737416616130989,0.0,0.299,8,2033,0.15,0.25,30
30,15,false,,0.16164098083103962,0.18750793183990053,0.04359477995327603,22,26,2.0,29.0,0.5755636806825106,0.23705057891529555,0.26,8,2033,0.15,0.25,30
40,20,true,,0.16530533462294136,0.5031296872142585,0.3453193657210455,34,36,2.0,39.0,0.7163613392293114,0.10518003790271636,0.2284,8,2033,0.15,0.25,30
20,10,false,,0.21687144065009537,0.15798513830272143,-0.06163193008713386,4,2,1.0,19.0,0.43451143451143454,0.0,0.2534,9,2034,0.15,0.25,30
30,15,true,,0.15153850410818637,0.46945837523341755,0.33703472843299187,25,27,3.0,29.0,0.7664783427495292,0.32799748901443815,0.2732,9,2034,0.15,0.25,30
20,10,false,,0.1712653281970362,0.1502145885582587,-0.014599673962850779,8,5,1.0,19.0,0.4651664611590629,0.0,0.2962,10,2035,0.15,0.25,30
30,15,false,,0.1495701104165407,0.17641889272294975,0.06383664583233054,21,27,1.0,29.0,0.5980576441102757,0.18859649122807018,0.2656,10,2035,0.15,0.25,30
40,20,false,,0.16022084624263067,0.20080793203445194,0.06093069112575267,28,35,3.0,39.0,0.6728124085455077,0.2414398595258999,0.2584,10,2035,0.15,0.25,30
50,25,true,,0.1649589770104624,0.3214515860466975,0.16991294789266095,34,46,2.0,48.0,0.8710407239819005,0.16176470588235295,0.266,10,2035,0.15,0.25,30
20,10,false,,0.2621686636020908,0.15120621335321574,-0.155569916549717,7,2,1.0,18.0,0.22961832061068702,0.0,0.2862,11,2036,0.15,0.25,30
30,15,false,,0.18151142934699682,0.2634083338459605,0.11602497252259733,23,26,2.0,29.0,0.6369168356997972,0.2129817444219067,0.2574,11,2036,0.15,0.25,30
40,20,true,,0.1820585337982041,0.4388718684182007,0.2556926368239618,34,35,8.0,39.0,0.8473861720067454,0.2863968521641372,0.2362,11,2036,0.15,0.25,30
20,10,true,,0.12932275347312736,0.3379469672373615,0.23182845962622645,14,16,1.7249999999999943,19.0,0.7907120743034056,0.0,0.307,12,2037,0.15,0.25,30
20,10,true,,0.11090214111451355,0.22936320715953526,0.12385573453261009,13,16,1.0499999999999972,19.0,0.7587733164717041,0.0,0.312,13,2038,0.15,0.25,30
20,10,false,,0.1391757921864589,0.15902093883485618,0.01784844888379014,11,15,2.0,19.0,0.5433612440191388,0.0,0.3164,14,2039,0.15,0.25,30
30,15,false,,0.14904397708414474,0.17294889463517285,0.03704397639775189,21,24,2.875,28.0,0.5986454652532391,0.13044758539458187,0.2806,14,2039,0.15,0.25,30
40,20,false,,0.150554288177571,0.1777763079875888,0.04644574609036259,13,4,2.0,36.0,0.6404330017554125,0.09215915740198946,0.281,14,2039,0.15,0.25,30
50,25,true,,0.16467842932077653,0.33873790464624337,0.19377586537502975,34,42,12.0,47.0,0.9451675436167266,0.18637496538355025,0.2432,14,2039,0.15,0.25,30
20,10,false,,0.15575582161506363,0.1587589817357007,0.009693552979463588,9,3,1.0,19.0,0.5210308056872038,0.0,0.3298,15,2040,0.15,0.25,30
30,15,false,,0.15430543751251383,0.15631899635983248,-0.004031189382600997,18,25,1.0,29.0,0.4918486619501692,0.1584127960627499,0.2736,15,2040,0.15,0.25,30
40,20,false,,0.16017042474422258,0.177604879416475,0.03168750714670496,13,2,1.0,39.0,0.5787413429689853,0.10900331225534478,0.2428,15,2040,0.15,0.25,30
50,25,true,,0.15706079353065044,0.2660361263839182,0.1382023188916685,31,39,2.0,47.0,0.8626770742989304,0.1595836947094536,0.2458,15,2040,0.15,0.25,30
20,10,true,,0.13365438817383343,0.24809517542955103,0.13486165620161722,13,16,2.0,19.0,0.7166513339466422,0.0,0.3106,16,2041,0.15,0.25,30
20,10,true,,0.1886805086724568,0.5735591709751626,0.3836123203770686,15,17,3.0,19.0,0.850817236255572,0.0,0.2996,17,2042,0.15,0.25,30
20,10,false,,0.3458131849401349,0.15292575465433486,-0.22046270580407573,5,3,1.0,18.0,0.21986442676097848,0.0,0.2872,18,2043,0.15,0.25,30
30,15,false,,0.4363174276432688,0.14431039026784598,-0.27841187251602534,4,3,1.0,26.0,0.18135376756066413,0.01979565772669221,0.236,18,2043,0.15,0.25,30
40,20,true,,0.17447120904990635,0.4334050660841382,0.26317657088901475,35,36,8.0,39.0,0.7611044417767107,0.2259903961584634,0.2196,18,2043,0.15,0.25,30
20,10,false,,0.24012414137630428,0.19039321282569316,-0.1140640801935007,8,2,1.0,19.0,0.38249845392702536,0.0,0.254,19,2044,0.15,0.25,30
30,15,true,,0.17533382615525772,0.34210560793832523,0.1720194204845164,25,27,5.0,29.0,0.7339743589743589,0.3173076923076923,0.248,19,2044,0.15,0.25,30
20,10,true,,0.12707121944609445,0.4915069740157975,0.3833167177583259,16,16,3.0,19.0,0.8065146579804561,0.0,0.2778,20,2045,0.15,0.25,30
20,10,false,,0.17586758789461748,0.1662498570403755,-0.01565673075605091,12,15,1.0,19.0,0.4720828105395232,0.0,0.2968,21,2046,0.15,0.25,30
30,15,false,,0.1625515790358466,0.12715947458121551,-0.053306957268952446,8,2,1.0,28.0,0.39137590520079,0.05497037524687294,0.2762,21,2046,0.15,0.25,30
40,20,false,,0.17449673793120657,0.16263533977067404,-0.013222205802821685,9,1,1.0,38.0,0.48180924287118976,0.10980006555227795,0.2234,21,2046,0.15,0.25,30
50,25,true,,0.14714920831747086,0.21743598038739542,0.09017152938942283,19,1,1.0,45.0,0.7456528146183319,0.16976127320954906,0.2606,21,2046,0.15,0.25,30
20,10,true,,0.13093992143153563,0.3094213559259528,0.1858923897640548,15,18,2.0,19.0,0.7707672796448953,0.0,0.3156,22,2047,0.15,0.25,30
20,10,false,,0.16450268476188287,0.39150362754634827,0.22347070159885926,15,17,2.0,19.0,0.6687725631768953,0.0,0.3024,23,2048,0.15,0.25,30
30,15,false,,0.14776685744456602,0.21146838428341427,0.09224237374143278,24,27,2.0,29.0,0.6324655436447167,0.2566615620214395,0.2796,23,2048,0.15,0.25,30
40,20,true,,0.15309144572817748,0.25172982904504954,0.11408819109656641,29,35,2.0,39.0,0.7726449275362319,0.24818840579710144,0.259,23,2048,0.15,0.25,30
20,10,false,,0.18883441785194593,0.24416403108756915,0.10951547147768435,11,2,1.0,19.0,0.589711417816813,0.0,0.2998,24,2049,0.15,0.25,30
30,15,false,,0.1807975526281352,0.1789807461381656,0.004725857137914596,18,26,1.0,29.0,0.5063791008505468,0.17891859052247874,0.2628,24,2049,0.15,0.25,30
40,20,true,,0.16766389050040736,0.3156377405938338,0.15058052769909655,34,34,17.0,39.0,0.7800687285223368,0.29381443298969073,0.2504,24,2049,0.15,0.25,30
20,10,true,,0.15604423460998956,0.39956658581192755,0.2460094191548081,15,16,2.0,19.0,0.7423554344535271,0.0,0.296,25,2050,0.15,0.25,30
20,10,false,,0.4781030587153374,0.1074417702654132,-0.38770072550558454,3,1,1.0,17.0,0.20557122708039494,0.0,0.2466,26,2051,0.15,0.25,30
30,15,false,,0.18189276424003517,0.14798749934026303,-0.046168601307945076,7,2,1.0,29.0,0.4441704825642832,0.11412469179288481,0.2038,26,2051,0.15,0.25,30
40,20,false,,0.16335436760049807,0.1920607537680838,0.05984479196069892,17,4,2.0,38.0,0.6394900681885561,0.1784761340053365,0.2672,26,2051,0.15,0.25,30
50,25,true,,0.1727553901414245,0.26848945309211614,0.09965987816359359,40,43,27.0,49.0,0.7728388328333787,0.20943550586310336,0.2488,26,2051,0.15,0.25,30
20,10,true,,0.17854739032799102,0.4439076671868077,0.2819226201851098,15,16,2.0,19.0,0.7729876394332228,0.0,0.2966,27,2052,0.15,0.25,30
20,10,false,,0.1593933149203572,0.14352805705196814,-0.02932417690171342,8,4,1.0,19.0,0.43435251798561153,0.0,0.2946,28,2053,0.15,0.25,30
30,15,false,,0.24429921323101184,0.115874696365385,-0.13672153761823652,4,1,1.0,18.0,0.23506261180679786,0.0,0.2476,28,2053,0.15,0.25,30
40,20,true,,0.13717009566154767,0.2769666156571846,0.14068305330781086,32,34,2.0,39.0,0.7512023084321898,0.3504328310355883,0.2606,28,2053,0.15,0.25,30
20,10,false,,0.17312238877118347,0.22156803297368613,0.0746399374812204,13,16,1.0,19.0,0.5924617196702002,0.0,0.2704,29,2054,0.15,0.25,30
30,15,false,,0.15638038835056015,0.18331470130048885,0.042167891006199526,20,26,1.0,29.0,0.586976183298161,0.1787760024118179,0.2606,29,2054,0.15,0.25,30
40,20,false,,0.15944139369186722,0.16190554937228824,-0.0025806222981819837,26,35,1.0,39.0,0.49359547214775096,0.24932975871313673,0.2318,29,2054,0.15,0.25,30
50,25,false,,0.16429616079842527,0.19055330019240752,0.039910687549628926,9,1,1.0,45.0,0.6108075288403157,0.037340619307832425,0.2374,29,2054,0.15,0.25,30
60,30,true,,0.47347193715328517,0.5506818392972844,0.07720990214399925,14,15,12.075,14.925,1.0,0.0,0.0004,29,2054,0.15,0.25,30
20,10,false,,0.1539965529459273,0.13014011659321373,-0.034885688595185455,8,1,1.0,19.0,0.4135384615384615,0.0,0.3084,30,2055,0.15,0.25,30
30,15,false,,0.1358945534978606,0.26514319093231625,0.178902364360806,21,28,1.0,29.0,0.661350525958602,0.2171700033932813,0.2714,30,2055,0.15,0.25,30
40,20,true,,0.14724349940477854,0.31577509062795683,0.1856018320247484,29,34,1.0,39.0,0.7608087091757387,0.24447900466562986,0.2468,30,2055,0.15,0.25,30
20,10,false,,0.23929865189242983,0.17935203972173036,-0.07465295015121676,8,2,1.0,18.0,0.3702010968921389,0.0,0.2992,31,2056,0.15,0.25,30
30,15,false,,0.19100145659499806,0.18719547527346272,-0.0013065539612995836,20,25,2.0,29.0,0.4982837528604119,0.1398741418764302,0.2848,31,2056,0.15,0.25,30
40,20,true,,0.18282986256658612,0.6824549725255347,0.4938715069225619,36,36,30.0,39.0,0.9120511259890445,0.16007303712720633,0.2048,31,2056,0.15,0.25,30
20,10,false,,0.15350074763510316,0.21732286130169148,0.09354419853141559,11,14,1.0,19.0,0.6348448687350835,0.0,0.3316,32,2057,0.15,0.25,30
30,15,false,,0.35851082234992215,0.14014576904263287,-0.22613644878507924,4,2,1.0,27.0,0.23567530695770805,0.03137789904502047,0.228,32,2057,0.15,0.25,30
40,20,true,,0.1577203374290898,0.2709998362793157,0.11996295633383355,34,34,17.849999999999994,39.0,0.7213114754098361,0.323397913561848,0.2346,32,2057,0.15,0.25,30
20,10,false,,0.11624141643845382,0.13917206582641592,0.03529771185432873,11,16,1.0,19.0,0.6026743075453678,0.0,0.3136,33,2058,0.15,0.25,30
30,15,false,,0.1278239218224261,0.17649136930097378,0.05532297949420731,22,25,6.0,29.0,0.6562795089707271,0.1649354737173434,0.3028,33,2058,0.15,0.25,30
40,20,true,,0.1433623196215491,0.35829600389954586,0.23848079282719287,31,36,15.0,39.0,0.8422994159237627,0.38364586535505685,0.261,33,2058,0.15,0.25,30
20,10,false,,0.16141401279900083,0.18669292407604804,0.04803388312508203,12,1,1.0,19.0,0.5662262326780535,0.0,0.2574,34,2059,0.15,0.25,30
30,15,false,,0.153260477310603,0.15056768537758622,-0.00806014897679376,17,25,1.0,29.0,0.4859304084720121,0.12798789712556732,0.2558,34,2059,0.15,0.25,30
40,20,true,,0.16026116770646434,0.28863561933533477,0.14163859112742727,34,36,17.0,39.0,0.7845107892403193,0.3065326633165829,0.254,34,2059,0.15,0.25,30
20,10,true,,0.1222890223786381,0.32669393028659177,0.20721162968506512,15,16,2.0,19.0,0.757015742642026,0.0,0.2852,35,2060,0.15,0.25,30
20,10,false,,0.15911771773916555,0.1277818364075951,-0.037087982019390495,7,1,1.0,18.0,0.422102596580114,0.0,0.3012,36,2061,0.15,0.25,30
30,15,true,,0.13395844941654342,0.22108846796638484,0.11683724111492949,21,27,2.0,29.0,0.7244897959183674,0.17633928571428573,0.2664,36,2061,0.15,0.25,30
20,10,false,,0.14371590209579452,0.22775794407644828,0.0957273542500846,14,16,2.0,19.0,0.6974912485414235,0.0,0.3286,37,2062,0.15,0.25,30
30,15,false,,0.14745039851148126,0.1623961117497615,0.021946927082505646,19,26,1.0,29.0,0.5375651640601042,0.13155473781048757,0.2786,37,2062,0.15,0.25,30
40,20,false,,0.1445663859915134,0.1614398879182237,0.01945028349991635,15,15,1.0,37.0,0.5772755039706781,0.10201588271227856,0.265,37,2062,0.15,0.25,30
50,25,true,,0.15289556625039974,0.31169706546650994,0.1859784180182049,33,40,4.0,48.0,0.9213029691553762,0.14874603632170655,0.2654,37,2062,0.15,0.25,30
20,10,false,,0.16837931377467055,0.16478401148459412,0.0021346510107761174,11,16,1.0,19.0,0.5092674315975286,0.0,0.3266,38,2063,0.15,0.25,30
30,15,false,,0.16035743149117895,0.1617259984212379,0.016947789277546865,14,26,1.0,29.0,0.5378905041756882,0.12186823383854005,0.2702,38,2063,0.15,0.25,30
40,20,false,,0.2016939726874124,0.154605393180638,-0.06257687528423966,5,1,1.0,33.0,0.3756631299734748,0.05172413793103448,0.196,38,2063,0.15,0.25,30
50,25,true,,0.1571404846221708,0.2739533826065433,0.13493854562468902,29,35,4.0,46.0,0.9018783291281188,0.2127838519764508,0.2672,38,2063,0.15,0.25,30
20,10,false,,0.11871008524449962,0.20512505452219476,0.09689234106125164,13,16,2.1500000000000057,19.0,0.6917154296273483,0.0,0.3114,39,2064,0.15,0.25,30
30,15,true,,0.13967569395994084,0.36110844910845913,0.23851056678276805,22,26,2.0,29.0,0.7288565093443142,0.1853025023756731,0.2862,39,2064,0.15,0.25,30
20,10,false,,0.1946603244786824,0.1610248116291736,-0.04279482343658367,7,2,1.0,19.0,0.4473603906011596,0.0,0.2978,40,2065,0.15,0.25,30
30,15,false,,0.16503744531464465,0.24508656733104223,0.11086729242421993,22,26,1.0,29.0,0.6893054701905347,0.2105101413644745,0.2638,40,2065,0.15,0.25,30
40,20,false,,0.17410099427320044,0.1868129363224875,0.02337463842955076,11,6,2.0,37.0,0.5866481223922114,0.13518776077885952,0.2558,40,2065,0.15,0.25,30
50,25,true,,0.18674620135223927,0.4054938803037073,0.22996385652453188,35,35,1.0,48.0,0.7875321704317987,0.11838718901915928,0.2336,40,2065,0.15,0.25,30
20,10,false,,0.21037318011721257,0.11370338131455959,-0.11143835933228374,6,3,1.0,18.0,0.25255255255255254,0.0,0.2984,41,2066,0.15,0.25,30
30,15,false,,0.1505152217024095,0.1741939098136551,0.04739739647454695,15,26,1.0,29.0,0.5833067856005097,0.16629499840713602,0.2744,41,2066,0.15,0.25,30
40,20,false,,0.15400727553129712,0.18057394183430686,0.06863587239535979,28,35,1.0,39.0,0.5845839017735335,0.13096862210095497,0.2086,41,2066,0.15,0.25,30
50,25,true,,0.15346293708815362,0.35714057159149143,0.21485728648228095,39,43,12.0,49.0,0.935626102292769,0.12698412698412698,0.2286,41,2066,0.15,0.25,30
20,10,false,,0.25353938012537935,0.11418004028008528,-0.1684331455987964,6,3,1.0,18.0,0.2809734513274336,0.0,0.2776,42,2067,0.15,0.25,30
30,15,true,,0.13563463114419655,0.5006148702796426,0.36773598804533547,25,27,2.0,29.0,0.8041513223970539,0.3080013391362571,0.261,42,2067,0.15,0.25,30
20,10,false,,0.2938567317441172,0.1736179742091525,-0.17192351796781963,5,1,1.0,19.0,0.29676375404530747,0.0,0.2686,43,2068,0.15,0.25,30
30,15,false,,0.20386465325942024,0.16819548685043753,-0.05371276041978021,15,26,1.0,28.0,0.33278463648834017,0.10205761316872428,0.2642,43,2068,0.15,0.25,30
40,20,true,,0.19169006857965148,0.2502249967687745,0.06389307300449967,34,36,19.0,39.0,0.7087053571428571,0.32589285714285715,0.236,43,2068,0.15,0.25,30
20,10,false,,0.19405823305588443,0.17389904268452652,-0.00821661493066847,7,2,1.0,19.0,0.49216,0.0,0.2752,44,2069,0.15,0.25,30
30,15,false,,0.17533909553277685,0.17421397806993044,0.004525333245810781,15,25,1.0,29.0,0.5126979384523453,0.12100388407529131,0.2948,44,2069,0.15,0.25,30
40,20,true,,0.17580067436870475,0.2663197993958334,0.11078790883843534,32,36,2.0,39.0,0.7252199413489736,0.26715542521994134,0.2464,44,2069,0.15,0.25,30
20,10,false,,0.12442234718574907,0.15892557992876663,0.043193106701028744,10,1,1.0,19.0,0.589628681177977,0.0,0.3098,45,2070,0.15,0.25,30
30,15,false,,0.13947759001095714,0.19023268059191858,0.06637611873182832,20,25,2.0,29.0,0.6639143730886851,0.15902140672782875,0.2978,45,2070,0.15,0.25,30
40,20,false,,0.14123561379078228,0.14635735738853164,0.0018528046516953223,9,8,2.0,34.0,0.5082994049483245,0.013466958972752897,0.2642,45,2070,0.15,0.25,30
50,25,true,,0.15238698249300456,0.3702133384407954,0.2223238500691051,38,39,9.0,48.0,0.9384068700029612,0.1465798045602606,0.226,45,2070,0.15,0.25,30
20,10,false,,0.18231782220931633,0.133200400024164,-0.062123811854208094,7,3,1.0,19.0,0.4084690553745928,0.0,0.2804,46,2071,0.15,0.25,30
30,15,false,,0.12922834165892866,0.1603431509144269,0.042637998327273094,20,26,4.0,29.0,0.5827751196172248,0.1569377990430622,0.2898,46,2071,0.15,0.25,30
40,20,false,,0.15437384517903044,0.1720556777794076,0.0556515003472787,19,34,1.0,39.0,0.5801477674269194,0.15868936716993254,0.2558,46,2071,0.15,0.25,30
50,25,true,,0.1528033603068237,0.28981164140169563,0.19060660795459522,35,46,5.0,49.0,0.9148616125150422,0.043922984356197355,0.244,46,2071,0.15,0.25,30
20,10,false,,0.20754397175067804,0.22978916391326434,0.059098237414454774,14,16,1.0,19.0,0.5741353383458646,0.0,0.3036,47,2072,0.15,0.25,30
30,15,false,,0.1979672593639899,0.17979765939789216,-0.03455498730716525,16,3,1.0,29.0,0.41790193842645385,0.13683010262257697,0.2686,47,2072,0.15,0.25,30
40,20,false,,0.45820502949902375,0.17092188805237846,-0.2911098176009437,3,2,1.0,21.0,0.12032786885245901,0.0075409836065573775,0.1954,47,2072,0.15,0.25,30
50,25,false,,0.1878537385274114,0.2063003526130321,0.0337634089157874,20,2,1.0,48.0,0.618218161050828,0.08566533409480297,0.2292,47,2072,0.15,0.25,30
60,30,false,,0.20726196015699594,0.1871763170856886,-0.027268852198607252,6,1,1.0,17.0,0.43575243480992776,0.0,0.212,47,2072,0.15,0.25,30
20,10,false,,0.22511316600157194,0.18861721824795974,-0.06624121076823553,9,4,1.0,19.0,0.4086483390607102,0.0,0.3212,48,2073,0.15,0.25,30
30,15,false,,0.18626345937468292,0.23225941632935213,0.08445860032926308,23,28,1.0,29.0,0.6123936816524909,0.26883353584447145,0.2602,48,2073,0.15,0.25,30
40,20,false,,0.19040670958055222,0.21933308266201856,0.07416544770057495,26,36,1.0,39.0,0.602880658436214,0.10640799529688419,0.2396,48,2073,0.15,0.25,30
50,25,true,,0.18537353493085254,0.3692415196005939,0.18679181772076153,41,44,26.0,49.0,0.8774509803921569,0.08932461873638345,0.2364,48,2073,0.15,0.25,30
20,10,true,,0.1617141141521437,0.5350658021352237,0.3922130248168855,15,17,2.0,19.0,0.896095717884131,0.0,0.2866,49,2074,0.15,0.25,30
20,10,false,,0.1575521005695485,0.15733742917540408,0.0002825121363798089,11,15,1.0,19.0,0.5006093845216332,0.0,0.3162,50,2075,0.15,0.25,30
30,15,false,,0.15791900673422157,0.1739638212602497,0.028828061190256243,19,26,2.0,29.0,0.5542168674698795,0.17639789928946556,0.27,50,2075,0.15,0.25,30
40,20,true,,0.1566832082813498,0.28295661119723015,0.15024171257398658,33,36,6.0,39.0,0.7824675324675324,0.3299881936245573,0.2416,50,2075,0.15,0.25,30
